<?xml version="1.0" encoding="UTF-8" standalone="yes"?>
<addon id="plugin.video.PsychoTV"
       name="[COLOR aqua]P[/COLOR][COLOR white]sychoTV[/COLOR]"
       version="3.0.2"
       provider-name="Coelhon & AMObox">
  <requires>
    <import addon="xbmc.python" version="2.1.0"/>
	<import addon="script.module.t0mm0.common" version="2.0.0"/>
    <import addon="script.module.beautifulsoup" version="3.2.1"/>
    <import addon="script.module.simple.downloader" version="0.9.4"/>
    <import addon="script.module.beautifulsoup4" />
    <import addon="script.module.simple.downloader" version="0.9.4"/>
    <import addon="script.module.requests" />
    <import addon="script.module.httplib2" />
    <import addon="script.module.youtube.dl" optional="true"/>
    <import addon="plugin.video.youtube" version="3.0.0"/>
    <import addon="script.module.urlresolver" optional="true"/>
    <import addon="script.module.simplejson" /> 
    <import addon="script.common.plugin.cache" version="2.5.2"/>
    <import addon="script.module.metahandler" version="2.5.1"/>
	<import addon="plugin.video.specto" />

  </requires>
  <extension point="xbmc.python.pluginsource" library="default.py">
    <provides>video</provides>
  </extension>
  <extension point="xbmc.addon.metadata">
    <summary lang="en">[COLOR aqua][B]P[/COLOR][COLOR white]sychoTV[/B][/COLOR] permite o acesso aos canais, filmes e séries aos membros da [COLOR red]P[/COLOR][COLOR white]sycho[/COLOR]</summary>
    <description lang="en">Este Addon foi criado e desenvolvido pela [COLOR aqua][B] P[/COLOR][COLOR white][B]sycho Media Center[/B][/COLOR] o mesmo nao se responsabiliza pelo que o uso do mesmo venha a causar.
	Tudo o que aqui se encontra está ao alcance de qualquer um na internet...Para mais novidades adere ao grupo[COLOR blue][B]bit.ly/PsychoFacebook [/B][/COLOR]
	
	
	[COLOR yellow][B]*[/B][/COLOR]Para usufruir deste addon é necessário uma combinação username/password</description>
    <platform>all</platform>
	<website>http://bit.ly/AMObox</website>
  </extension>
</addon>
