<?xml version="1.0" encoding="UTF-8" standalone="yes"?>
<addon id="plugin.program.psychowiz" name="[COLOR aqua]P[/COLOR][COLOR white]sycho Wizard[/COLOR]" version="3.0.0" provider-name="bit.ly/[COLOR blue][B]AMO[/B][/COLOR][COLOR green]box[/COLOR]">
  <requires>
    <import addon="xbmc.python" version="2.1.0"/>
	<import addon="script.module.addon.common" />
	<import addon="plugin.program.psychonews" />
	<import addon="psycho.mediacenter" />

  </requires>
  <extension point="xbmc.python.pluginsource" library="default.py">
        <provides>executable</provides>
  </extension>
  <extension point="xbmc.addon.metadata">
		<summary>Wizard da [COLOR aqua]P[/COLOR][COLOR white]sycho[/COLOR]</summary>
		<description>Remember who we are, and let’s start a [COLOR aqua]P[/COLOR][COLOR white]sycho[/COLOR]
	
		
		
		
		
		
		[COLOR yellow][B]*[/B][/COLOR]Para usufruir deste addon é necessário uma combinação username/password</description>
		<disclaimer></disclaimer>    
	<platform>all</platform>
  </extension>
</addon>
